top_k_per_day,selected_deliveries,total_expected_reward,high_priority_deliveries_served,average_predicted_delay_probability,expected_delayed_deliveries
5,150,-3068.0,127,0.9939252247454516,149.08878371181774
10,300,-6734.280000000001,215,0.9951808648384042,298.55425945152126
20,600,-14886.380000000001,330,0.9937612388876815,596.256743332609
